index,test_group,imps,clicks
0,control,75.0,2.0
1,control,100.0,2.0
2,control,74.0,2.0
3,control,99.0,2.0
4,control,70.0,1.0
5,control,84.0,2.0
6,control,90.0,2.0
7,control,118.0,3.0
8,control,109.0,2.0
9,control,64.0,1.0
10,control,91.0,2.0
11,control,67.0,2.0
12,control,130.0,3.0
13,control,62.0,1.0
14,control,118.0,2.0
15,control,119.0,1.0
16,control,99.0,3.0
17,control,129.0,2.0
18,control,121.0,4.0
19,control,102.0,2.0
20,control,107.0,3.0
21,control,99.0,3.0
22,control,124.0,3.0
23,control,90.0,2.0
24,control,92.0,2.0
25,control,100.0,3.0
26,control,115.0,2.0
27,control,113.0,2.0
28,control,109.0,2.0
29,control,127.0,3.0
30,control,95.0,2.0
31,control,112.0,3.0
32,control,115.0,3.0
33,control,125.0,2.0
34,control,88.0,2.0
35,control,81.0,2.0
36,control,102.0,2.0
37,control,104.0,2.0
38,control,135.0,1.0
39,control,98.0,2.0
40,control,122.0,3.0
41,control,113.0,3.0
42,control,97.0,2.0
43,control,120.0,3.0
44,control,104.0,2.0
45,control,101.0,3.0
46,control,79.0,2.0
47,control,111.0,2.0
48,control,104.0,2.0
49,control,66.0,1.0
50,control,95.0,3.0
51,control,88.0,2.0
52,control,113.0,3.0
53,control,87.0,2.0
54,control,91.0,2.0
55,control,69.0,1.0
56,control,123.0,3.0
57,control,110.0,3.0
58,control,109.0,3.0
59,control,129.0,4.0
60,control,101.0,2.0
61,control,107.0,2.0
62,control,139.0,4.0
63,control,89.0,1.0
64,control,83.0,1.0
65,control,98.0,2.0
66,control,88.0,1.0
67,control,108.0,1.0
68,control,84.0,2.0
69,control,113.0,3.0
70,control,102.0,3.0
71,control,74.0,1.0
72,control,71.0,2.0
73,control,75.0,2.0
74,control,112.0,3.0
75,control,91.0,2.0
76,control,116.0,3.0
77,control,133.0,2.0
78,control,116.0,3.0
79,control,89.0,1.0
80,control,130.0,4.0
81,control,112.0,2.0
82,control,95.0,2.0
83,control,95.0,1.0
84,control,92.0,2.0
85,control,91.0,1.0
86,control,104.0,3.0
87,control,73.0,2.0
88,control,100.0,2.0
89,control,82.0,2.0
90,control,88.0,2.0
91,control,60.0,1.0
92,control,120.0,3.0
93,control,101.0,2.0
94,control,144.0,4.0
95,control,82.0,2.0
96,control,83.0,1.0
97,control,107.0,3.0
98,control,96.0,2.0
99,control,96.0,2.0
100,control,101.0,2.0
101,control,98.0,1.0
102,control,98.0,2.0
103,control,104.0,2.0
104,control,86.0,2.0
105,control,89.0,1.0
106,control,88.0,2.0
107,control,100.0,1.0
108,control,106.0,1.0
109,control,116.0,2.0
110,control,68.0,2.0
111,control,126.0,4.0
112,control,70.0,2.0
113,control,85.0,1.0
114,control,100.0,1.0
115,control,142.0,2.0
116,control,109.0,2.0
117,control,109.0,3.0
118,control,93.0,2.0
119,control,71.0,1.0
120,control,105.0,2.0
121,control,117.0,3.0
122,control,150.0,2.0
123,control,117.0,4.0
124,control,110.0,2.0
125,control,112.0,2.0
126,control,81.0,2.0
127,control,110.0,2.0
128,control,103.0,2.0
129,control,92.0,3.0
130,control,163.0,3.0
131,control,120.0,2.0
132,control,85.0,1.0
133,control,108.0,3.0
134,control,86.0,2.0
135,control,97.0,2.0
136,control,107.0,2.0
137,control,122.0,1.0
138,control,102.0,2.0
139,control,95.0,2.0
140,control,95.0,2.0
141,control,64.0,1.0
142,control,86.0,2.0
143,control,51.0,1.0
144,control,102.0,2.0
145,control,87.0,2.0
146,control,134.0,3.0
147,control,103.0,3.0
148,control,106.0,2.0
149,control,112.0,3.0
150,control,71.0,1.0
151,control,110.0,2.0
152,control,97.0,3.0
153,control,127.0,2.0
154,control,114.0,2.0
155,control,118.0,2.0
156,control,100.0,2.0
157,control,91.0,2.0
158,control,109.0,2.0
159,control,100.0,2.0
160,control,95.0,2.0
161,control,61.0,1.0
162,control,112.0,1.0
163,control,108.0,1.0
164,control,88.0,2.0
165,control,70.0,2.0
166,control,123.0,2.0
167,control,95.0,2.0
168,control,113.0,2.0
169,control,111.0,3.0
170,control,109.0,3.0
171,control,110.0,3.0
172,control,107.0,1.0
173,control,86.0,2.0
174,control,128.0,2.0
175,control,117.0,2.0
176,control,137.0,3.0
177,control,101.0,2.0
178,control,65.0,1.0
179,control,109.0,2.0
180,control,83.0,1.0
181,control,104.0,2.0
182,control,107.0,2.0
183,control,142.0,2.0
184,control,118.0,3.0
185,control,101.0,2.0
186,control,137.0,3.0
187,control,107.0,2.0
188,control,98.0,1.0
189,control,90.0,2.0
190,control,103.0,2.0
191,control,96.0,1.0
192,control,95.0,2.0
193,control,123.0,2.0
194,control,106.0,1.0
195,control,103.0,1.0
196,control,119.0,4.0
197,control,78.0,2.0
198,control,128.0,3.0
199,control,114.0,2.0
200,control,90.0,2.0
201,control,88.0,2.0
202,control,110.0,1.0
203,control,56.0,1.0
204,control,96.0,3.0
205,control,105.0,2.0
206,control,78.0,2.0
207,control,121.0,2.0
208,control,120.0,2.0
209,control,98.0,2.0
210,control,124.0,3.0
211,control,88.0,2.0
212,control,99.0,2.0
213,control,112.0,3.0
214,control,114.0,2.0
215,control,101.0,3.0
216,control,114.0,2.0
217,control,107.0,1.0
218,control,100.0,2.0
219,control,78.0,1.0
220,control,69.0,1.0
221,control,149.0,3.0
222,control,79.0,1.0
223,control,87.0,1.0
224,control,107.0,2.0
225,control,131.0,3.0
226,control,92.0,2.0
227,control,106.0,2.0
228,control,122.0,1.0
229,control,86.0,2.0
230,control,123.0,2.0
231,control,121.0,3.0
232,control,103.0,1.0
233,control,66.0,1.0
234,control,99.0,2.0
235,control,104.0,2.0
236,control,77.0,1.0
237,control,113.0,2.0
238,control,110.0,3.0
239,control,111.0,3.0
240,control,106.0,2.0
241,control,95.0,2.0
242,control,103.0,1.0
243,control,134.0,3.0
244,control,94.0,2.0
245,control,117.0,2.0
246,control,103.0,2.0
247,control,86.0,2.0
248,control,83.0,1.0
249,control,93.0,2.0
250,control,79.0,1.0
251,control,78.0,1.0
252,control,99.0,2.0
253,control,103.0,3.0
254,control,125.0,3.0
255,control,68.0,2.0
256,control,128.0,4.0
257,control,129.0,3.0
258,control,76.0,2.0
259,control,85.0,2.0
260,control,103.0,2.0
261,control,105.0,2.0
262,control,115.0,1.0
263,control,98.0,1.0
264,control,115.0,2.0
265,control,110.0,2.0
266,control,104.0,2.0
267,control,106.0,2.0
268,control,123.0,2.0
269,control,105.0,3.0
270,control,104.0,2.0
271,control,107.0,2.0
272,control,107.0,2.0
273,control,123.0,2.0
274,control,118.0,2.0
275,control,92.0,1.0
276,control,83.0,2.0
277,control,80.0,2.0
278,control,61.0,1.0
279,control,117.0,2.0
280,control,64.0,2.0
281,control,92.0,2.0
282,control,92.0,1.0
283,control,94.0,2.0
284,control,84.0,2.0
285,control,103.0,2.0
286,control,120.0,2.0
287,control,108.0,3.0
288,control,93.0,2.0
289,control,94.0,1.0
290,control,113.0,2.0
291,control,119.0,1.0
292,control,87.0,3.0
293,control,80.0,2.0
294,control,114.0,1.0
295,control,91.0,2.0
296,control,76.0,1.0
297,control,104.0,2.0
298,control,112.0,4.0
299,control,99.0,1.0
300,control,102.0,2.0
301,control,108.0,2.0
302,control,108.0,1.0
303,control,108.0,2.0
304,control,122.0,2.0
305,control,119.0,1.0
306,control,108.0,2.0
307,control,95.0,2.0
308,control,127.0,2.0
309,control,107.0,2.0
310,control,94.0,2.0
311,control,108.0,2.0
312,control,110.0,3.0
313,control,103.0,2.0
314,control,83.0,2.0
315,control,95.0,1.0
316,control,113.0,2.0
317,control,154.0,3.0
318,control,103.0,3.0
319,control,108.0,2.0
320,control,103.0,3.0
321,control,137.0,2.0
322,control,88.0,2.0
323,control,102.0,2.0
324,control,83.0,2.0
325,control,131.0,2.0
326,control,122.0,3.0
327,control,121.0,2.0
328,control,102.0,3.0
329,control,98.0,2.0
330,control,140.0,2.0
331,control,124.0,4.0
332,control,105.0,1.0
333,control,84.0,2.0
334,control,102.0,4.0
335,control,87.0,1.0
336,control,88.0,2.0
337,control,109.0,3.0
338,control,69.0,2.0
339,control,140.0,2.0
340,control,98.0,3.0
341,control,145.0,2.0
342,control,113.0,3.0
343,control,110.0,3.0
344,control,78.0,2.0
345,control,101.0,2.0
346,control,65.0,1.0
347,control,106.0,3.0
348,control,98.0,2.0
349,control,137.0,3.0
350,control,107.0,2.0
351,control,105.0,2.0
352,control,102.0,2.0
353,control,74.0,2.0
354,control,85.0,2.0
355,control,121.0,2.0
356,control,102.0,2.0
357,control,86.0,2.0
358,control,121.0,2.0
359,control,69.0,2.0
360,control,122.0,3.0
361,control,107.0,2.0
362,control,98.0,2.0
363,control,96.0,2.0
364,control,99.0,2.0
365,control,113.0,2.0
366,control,98.0,2.0
367,control,96.0,2.0
368,control,95.0,2.0
369,control,115.0,2.0
370,control,77.0,2.0
371,control,92.0,1.0
372,control,109.0,2.0
373,control,75.0,1.0
374,control,104.0,2.0
375,control,118.0,3.0
376,control,87.0,1.0
377,control,65.0,1.0
378,control,109.0,3.0
379,control,85.0,3.0
380,control,80.0,1.0
381,control,61.0,1.0
382,control,113.0,2.0
383,control,74.0,2.0
384,control,64.0,2.0
385,control,94.0,1.0
386,control,85.0,2.0
387,control,84.0,1.0
388,control,85.0,2.0
389,control,73.0,1.0
390,control,98.0,3.0
391,control,125.0,3.0
392,control,94.0,2.0
393,control,101.0,1.0
394,control,67.0,1.0
395,control,104.0,2.0
396,control,96.0,3.0
397,control,88.0,2.0
398,control,78.0,2.0
399,control,60.0,2.0
400,control,97.0,2.0
401,control,113.0,2.0
402,control,96.0,2.0
403,control,72.0,1.0
404,control,112.0,3.0
405,control,126.0,2.0
406,control,73.0,1.0
407,control,83.0,2.0
408,control,131.0,3.0
409,control,130.0,3.0
410,control,96.0,2.0
411,control,120.0,3.0
412,control,83.0,2.0
413,control,101.0,2.0
414,control,63.0,1.0
415,control,119.0,2.0
416,control,53.0,1.0
417,control,126.0,4.0
418,control,100.0,2.0
419,control,82.0,2.0
420,control,114.0,2.0
421,control,95.0,2.0
422,control,67.0,1.0
423,control,124.0,3.0
424,control,101.0,2.0
425,control,86.0,2.0
426,control,117.0,2.0
427,control,116.0,2.0
428,control,101.0,3.0
429,control,90.0,2.0
430,control,147.0,2.0
431,control,87.0,1.0
432,control,60.0,1.0
433,control,77.0,2.0
434,control,60.0,1.0
435,control,100.0,2.0
436,control,106.0,2.0
437,control,131.0,3.0
438,control,95.0,2.0
439,control,92.0,2.0
440,control,111.0,2.0
441,control,87.0,2.0
442,control,115.0,2.0
443,control,82.0,2.0
444,control,76.0,2.0
445,control,95.0,1.0
446,control,102.0,3.0
447,control,64.0,1.0
448,control,106.0,2.0
449,control,114.0,3.0
450,control,80.0,1.0
451,control,114.0,3.0
452,control,100.0,2.0
453,control,110.0,1.0
454,control,88.0,2.0
455,control,109.0,4.0
456,control,49.0,1.0
457,control,117.0,2.0
458,control,76.0,2.0
459,control,104.0,3.0
460,control,82.0,2.0
461,control,78.0,1.0
462,control,51.0,1.0
463,control,83.0,2.0
464,control,96.0,2.0
465,control,89.0,1.0
466,control,125.0,3.0
467,control,100.0,2.0
468,control,129.0,3.0
469,control,117.0,2.0
470,control,122.0,3.0
471,control,131.0,3.0
472,control,93.0,2.0
473,control,97.0,2.0
474,control,81.0,2.0
475,control,111.0,2.0
476,control,67.0,1.0
477,control,132.0,1.0
478,control,47.0,1.0
479,control,90.0,1.0
480,control,72.0,2.0
481,control,102.0,2.0
482,control,105.0,2.0
483,control,84.0,3.0
484,control,77.0,1.0
485,control,64.0,2.0
486,control,110.0,2.0
487,control,147.0,4.0
488,control,96.0,2.0
489,control,111.0,2.0
490,control,109.0,3.0
491,control,73.0,1.0
492,control,119.0,3.0
493,control,86.0,3.0
494,control,112.0,3.0
495,control,110.0,3.0
496,control,71.0,2.0
497,control,78.0,2.0
498,control,87.0,2.0
499,control,98.0,3.0
500,control,130.0,2.0
501,control,63.0,2.0
502,control,108.0,3.0
503,control,97.0,2.0
504,control,107.0,3.0
505,control,98.0,2.0
506,control,65.0,2.0
507,control,119.0,2.0
508,control,96.0,2.0
509,control,59.0,1.0
510,control,127.0,2.0
511,control,112.0,3.0
512,control,126.0,3.0
513,control,89.0,2.0
514,control,137.0,3.0
515,control,88.0,2.0
516,control,103.0,3.0
517,control,130.0,3.0
518,control,81.0,2.0
519,control,93.0,2.0
520,control,87.0,2.0
521,control,82.0,1.0
522,control,62.0,2.0
523,control,119.0,2.0
524,control,112.0,2.0
525,control,92.0,2.0
526,control,121.0,3.0
527,control,84.0,1.0
528,control,103.0,1.0
529,control,85.0,2.0
530,control,113.0,2.0
531,control,91.0,2.0
532,control,117.0,2.0
533,control,106.0,3.0
534,control,103.0,3.0
535,control,94.0,2.0
536,control,103.0,2.0
537,control,91.0,3.0
538,control,106.0,1.0
539,control,102.0,2.0
540,control,102.0,2.0
541,control,98.0,2.0
542,control,117.0,2.0
543,control,86.0,1.0
544,control,122.0,3.0
545,control,94.0,3.0
546,control,97.0,2.0
547,control,52.0,1.0
548,control,99.0,1.0
549,control,93.0,1.0
550,control,91.0,1.0
551,control,122.0,3.0
552,control,122.0,3.0
553,control,95.0,2.0
554,control,81.0,1.0
555,control,100.0,2.0
556,control,70.0,1.0
557,control,98.0,1.0
558,control,101.0,2.0
559,control,105.0,2.0
560,control,93.0,1.0
561,control,96.0,2.0
562,control,94.0,2.0
563,control,100.0,2.0
564,control,123.0,2.0
565,control,125.0,2.0
566,control,91.0,1.0
567,control,98.0,2.0
568,control,86.0,2.0
569,control,93.0,2.0
570,control,135.0,2.0
571,control,139.0,4.0
572,control,101.0,2.0
573,control,91.0,2.0
574,control,72.0,1.0
575,control,95.0,2.0
576,control,96.0,2.0
577,control,97.0,1.0
578,control,101.0,2.0
579,control,93.0,2.0
580,control,98.0,2.0
581,control,49.0,1.0
582,control,100.0,2.0
583,control,103.0,2.0
584,control,95.0,1.0
585,control,106.0,2.0
586,control,105.0,2.0
587,control,58.0,1.0
588,control,99.0,2.0
589,control,110.0,2.0
590,control,104.0,2.0
591,control,95.0,2.0
592,control,111.0,1.0
593,control,129.0,2.0
594,control,77.0,2.0
595,control,117.0,3.0
596,control,85.0,2.0
597,control,121.0,3.0
598,control,84.0,2.0
599,control,99.0,2.0
600,control,83.0,2.0
601,control,119.0,2.0
602,control,109.0,2.0
603,control,103.0,1.0
604,control,80.0,2.0
605,control,102.0,2.0
606,control,117.0,3.0
607,control,88.0,2.0
608,control,102.0,1.0
609,control,109.0,2.0
610,control,84.0,2.0
611,control,120.0,2.0
612,control,104.0,2.0
613,control,95.0,2.0
614,control,110.0,2.0
615,control,105.0,2.0
616,control,157.0,3.0
617,control,119.0,3.0
618,control,132.0,3.0
619,control,86.0,2.0
620,control,111.0,2.0
621,control,90.0,2.0
622,control,86.0,2.0
623,control,103.0,3.0
624,control,94.0,2.0
625,control,91.0,2.0
626,control,68.0,1.0
627,control,84.0,1.0
628,control,69.0,1.0
629,control,99.0,2.0
630,control,126.0,2.0
631,control,76.0,1.0
632,control,109.0,2.0
633,control,110.0,2.0
634,control,91.0,2.0
635,control,94.0,1.0
636,control,126.0,3.0
637,control,90.0,1.0
638,control,91.0,1.0
639,control,120.0,3.0
640,control,81.0,2.0
641,control,86.0,2.0
642,control,71.0,2.0
643,control,93.0,1.0
644,control,108.0,2.0
645,control,65.0,2.0
646,control,85.0,2.0
647,control,109.0,2.0
648,control,135.0,3.0
649,control,70.0,1.0
650,control,100.0,1.0
651,control,75.0,1.0
652,control,109.0,2.0
653,control,60.0,1.0
654,control,132.0,4.0
655,control,101.0,2.0
656,control,89.0,1.0
657,control,84.0,2.0
658,control,127.0,3.0
659,control,106.0,2.0
660,control,106.0,2.0
661,control,136.0,3.0
662,control,87.0,2.0
663,control,105.0,2.0
664,control,99.0,3.0
665,control,111.0,2.0
666,control,116.0,1.0
667,control,108.0,3.0
668,control,118.0,3.0
669,control,72.0,2.0
670,control,79.0,1.0
671,control,84.0,2.0
672,control,99.0,2.0
673,control,68.0,2.0
674,control,100.0,2.0
675,control,118.0,2.0
676,control,108.0,1.0
677,control,106.0,2.0
678,control,109.0,2.0
679,control,107.0,3.0
680,control,114.0,2.0
681,control,60.0,1.0
682,control,50.0,1.0
683,control,131.0,2.0
684,control,105.0,3.0
685,control,105.0,3.0
686,control,89.0,1.0
687,control,137.0,4.0
688,control,109.0,3.0
689,control,95.0,2.0
690,control,102.0,1.0
691,control,108.0,2.0
692,control,99.0,2.0
693,control,109.0,3.0
694,control,93.0,1.0
695,control,111.0,2.0
696,control,96.0,3.0
697,control,123.0,4.0
698,control,90.0,3.0
699,control,80.0,1.0
700,control,81.0,2.0
701,control,115.0,3.0
702,control,114.0,3.0
703,control,107.0,2.0
704,control,79.0,1.0
705,control,88.0,2.0
706,control,98.0,2.0
707,control,87.0,1.0
708,control,75.0,1.0
709,control,127.0,3.0
710,control,79.0,2.0
711,control,128.0,3.0
712,control,127.0,3.0
713,control,117.0,3.0
714,control,146.0,2.0
715,control,106.0,2.0
716,control,110.0,3.0
717,control,79.0,1.0
718,control,131.0,4.0
719,control,119.0,3.0
720,control,141.0,2.0
721,control,123.0,2.0
722,control,119.0,2.0
723,control,82.0,2.0
724,control,141.0,3.0
725,control,69.0,1.0
726,control,94.0,2.0
727,control,93.0,2.0
728,control,115.0,2.0
729,control,94.0,2.0
730,control,150.0,4.0
731,control,80.0,1.0
732,control,93.0,1.0
733,control,99.0,2.0
734,control,84.0,2.0
735,control,98.0,2.0
736,control,84.0,2.0
737,control,82.0,2.0
738,control,132.0,3.0
739,control,81.0,2.0
740,control,102.0,3.0
741,control,125.0,3.0
742,control,115.0,3.0
743,control,107.0,2.0
744,control,81.0,1.0
745,control,118.0,3.0
746,control,73.0,1.0
747,control,144.0,1.0
748,control,67.0,1.0
749,control,123.0,3.0
750,control,110.0,2.0
751,control,93.0,2.0
752,control,111.0,2.0
753,control,114.0,2.0
754,control,87.0,2.0
755,control,74.0,1.0
756,control,78.0,2.0
757,control,100.0,2.0
758,control,116.0,3.0
759,control,124.0,3.0
760,control,87.0,2.0
761,control,124.0,2.0
762,control,90.0,2.0
763,control,93.0,1.0
764,control,115.0,2.0
765,control,103.0,3.0
766,control,95.0,1.0
767,control,88.0,2.0
768,control,49.0,1.0
769,control,84.0,2.0
770,control,94.0,2.0
771,control,94.0,2.0
772,control,90.0,2.0
773,control,101.0,3.0
774,control,106.0,2.0
775,control,109.0,3.0
776,control,107.0,3.0
777,control,135.0,2.0
778,control,106.0,2.0
779,control,132.0,3.0
780,control,145.0,4.0
781,control,88.0,2.0
782,control,87.0,2.0
783,control,69.0,1.0
784,control,92.0,2.0
785,control,126.0,2.0
786,control,105.0,2.0
787,control,113.0,2.0
788,control,75.0,2.0
789,control,115.0,2.0
790,control,83.0,1.0
791,control,81.0,2.0
792,control,92.0,2.0
793,control,116.0,3.0
794,control,102.0,1.0
795,control,74.0,2.0
796,control,134.0,3.0
797,control,110.0,1.0
798,control,112.0,2.0
799,control,136.0,3.0
800,control,107.0,2.0
801,control,91.0,2.0
802,control,103.0,2.0
803,control,92.0,1.0
804,control,129.0,3.0
805,control,123.0,2.0
806,control,90.0,3.0
807,control,107.0,1.0
808,control,92.0,4.0
809,control,96.0,1.0
810,control,99.0,3.0
811,control,102.0,3.0
812,control,88.0,2.0
813,control,86.0,1.0
814,control,135.0,3.0
815,control,113.0,1.0
816,control,71.0,2.0
817,control,99.0,2.0
818,control,85.0,1.0
819,control,75.0,1.0
820,control,72.0,2.0
821,control,101.0,2.0
822,control,87.0,2.0
823,control,116.0,4.0
824,control,76.0,2.0
825,control,108.0,2.0
826,control,94.0,2.0
827,control,84.0,1.0
828,control,74.0,1.0
829,control,90.0,2.0
830,control,65.0,1.0
831,control,74.0,1.0
832,control,73.0,1.0
833,control,110.0,2.0
834,control,105.0,2.0
835,control,107.0,3.0
836,control,114.0,3.0
837,control,129.0,3.0
838,control,97.0,3.0
839,control,102.0,1.0
840,control,102.0,1.0
841,control,90.0,3.0
842,control,124.0,3.0
843,control,127.0,3.0
844,control,101.0,1.0
845,control,110.0,2.0
846,control,94.0,1.0
847,control,153.0,3.0
848,control,119.0,3.0
849,control,86.0,2.0
850,control,126.0,3.0
851,control,101.0,2.0
852,control,115.0,3.0
853,control,93.0,2.0
854,control,108.0,2.0
855,control,95.0,2.0
856,control,139.0,3.0
857,control,100.0,2.0
858,control,103.0,2.0
859,control,119.0,3.0
860,control,81.0,2.0
861,control,139.0,4.0
862,control,120.0,2.0
863,control,112.0,2.0
864,control,105.0,2.0
865,control,95.0,2.0
866,control,83.0,2.0
867,control,101.0,2.0
868,control,116.0,2.0
869,control,96.0,2.0
870,control,134.0,3.0
871,control,108.0,2.0
872,control,74.0,2.0
873,control,89.0,2.0
874,control,82.0,2.0
875,control,117.0,2.0
876,control,111.0,2.0
877,control,93.0,1.0
878,control,115.0,2.0
879,control,99.0,2.0
880,control,123.0,2.0
881,control,107.0,2.0
882,control,123.0,3.0
883,control,97.0,2.0
884,control,69.0,2.0
885,control,132.0,3.0
886,control,108.0,1.0
887,control,79.0,2.0
888,control,64.0,1.0
889,control,80.0,2.0
890,control,73.0,1.0
891,control,73.0,1.0
892,control,81.0,1.0
893,control,109.0,1.0
894,control,111.0,2.0
895,control,90.0,1.0
896,control,113.0,3.0
897,control,113.0,2.0
898,control,60.0,1.0
899,control,76.0,2.0
900,control,60.0,1.0
901,control,87.0,1.0
902,control,108.0,2.0
903,control,118.0,2.0
904,control,126.0,3.0
905,control,97.0,2.0
906,control,152.0,2.0
907,control,96.0,2.0
908,control,89.0,2.0
909,control,85.0,2.0
910,control,123.0,2.0
911,control,122.0,2.0
912,control,115.0,2.0
913,control,101.0,2.0
914,control,96.0,2.0
915,control,80.0,2.0
916,control,81.0,2.0
917,control,108.0,3.0
918,control,122.0,2.0
919,control,120.0,2.0
920,control,111.0,2.0
921,control,114.0,2.0
922,control,92.0,1.0
923,control,127.0,2.0
924,control,92.0,1.0
925,control,53.0,2.0
926,control,70.0,1.0
927,control,118.0,2.0
928,control,90.0,1.0
929,control,107.0,2.0
930,control,123.0,2.0
931,control,112.0,2.0
932,control,80.0,2.0
933,control,86.0,2.0
934,control,122.0,3.0
935,control,73.0,2.0
936,control,133.0,3.0
937,control,111.0,1.0
938,control,105.0,2.0
939,control,124.0,2.0
940,control,146.0,1.0
941,control,99.0,2.0
942,control,77.0,2.0
943,control,85.0,2.0
944,control,96.0,2.0
945,control,67.0,2.0
946,control,134.0,3.0
947,control,127.0,3.0
948,control,94.0,2.0
949,control,94.0,2.0
950,control,92.0,2.0
951,control,119.0,1.0
952,control,125.0,3.0
953,control,89.0,2.0
954,control,80.0,2.0
955,control,95.0,2.0
956,control,141.0,3.0
957,control,83.0,1.0
958,control,133.0,3.0
959,control,106.0,2.0
960,control,87.0,2.0
961,control,47.0,1.0
962,control,102.0,3.0
963,control,93.0,2.0
964,control,101.0,2.0
965,control,94.0,2.0
966,control,101.0,2.0
967,control,90.0,1.0
968,control,99.0,1.0
969,control,80.0,1.0
970,control,119.0,3.0
971,control,85.0,2.0
972,control,92.0,1.0
973,control,88.0,2.0
974,control,113.0,3.0
975,control,80.0,1.0
976,control,117.0,3.0
977,control,88.0,2.0
978,control,110.0,2.0
979,control,116.0,2.0
980,control,127.0,2.0
981,control,57.0,1.0
982,control,131.0,2.0
983,control,87.0,2.0
984,control,131.0,3.0
985,control,105.0,3.0
986,control,116.0,2.0
987,control,89.0,2.0
988,control,57.0,1.0
989,control,112.0,2.0
990,control,117.0,2.0
991,control,113.0,3.0
992,control,81.0,1.0
993,control,86.0,2.0
994,control,92.0,2.0
995,control,152.0,4.0
996,control,142.0,2.0
997,control,84.0,1.0
998,control,132.0,1.0
999,control,116.0,2.0
1000,test,87.0,1.0
1001,test,86.0,2.0
1002,test,92.0,2.0
1003,test,85.0,2.0
1004,test,94.0,2.0
1005,test,91.0,1.0
1006,test,69.0,2.0
1007,test,85.0,2.0
1008,test,103.0,2.0
1009,test,88.0,2.0
1010,test,88.0,2.0
1011,test,124.0,4.0
1012,test,59.0,1.0
1013,test,107.0,3.0
1014,test,135.0,2.0
1015,test,103.0,2.0
1016,test,114.0,3.0
1017,test,139.0,3.0
1018,test,71.0,1.0
1019,test,87.0,2.0
1020,test,120.0,3.0
1021,test,99.0,4.0
1022,test,122.0,3.0
1023,test,106.0,2.0
1024,test,118.0,1.0
1025,test,54.0,1.0
1026,test,81.0,2.0
1027,test,124.0,3.0
1028,test,88.0,2.0
1029,test,81.0,1.0
1030,test,103.0,2.0
1031,test,90.0,1.0
1032,test,114.0,2.0
1033,test,115.0,3.0
1034,test,115.0,1.0
1035,test,118.0,2.0
1036,test,107.0,3.0
1037,test,93.0,2.0
1038,test,120.0,3.0
1039,test,128.0,2.0
1040,test,131.0,4.0
1041,test,118.0,3.0
1042,test,89.0,3.0
1043,test,115.0,3.0
1044,test,116.0,4.0
1045,test,112.0,2.0
1046,test,130.0,4.0
1047,test,93.0,2.0
1048,test,100.0,3.0
1049,test,80.0,2.0
1050,test,123.0,2.0
1051,test,73.0,2.0
1052,test,62.0,1.0
1053,test,120.0,3.0
1054,test,85.0,2.0
1055,test,112.0,2.0
1056,test,136.0,3.0
1057,test,83.0,3.0
1058,test,102.0,2.0
1059,test,86.0,2.0
1060,test,132.0,4.0
1061,test,96.0,3.0
1062,test,95.0,2.0
1063,test,97.0,2.0
1064,test,118.0,3.0
1065,test,112.0,3.0
1066,test,79.0,1.0
1067,test,98.0,2.0
1068,test,93.0,2.0
1069,test,81.0,2.0
1070,test,129.0,3.0
1071,test,118.0,3.0
1072,test,106.0,3.0
1073,test,121.0,2.0
1074,test,120.0,2.0
1075,test,104.0,3.0
1076,test,101.0,2.0
1077,test,133.0,4.0
1078,test,93.0,2.0
1079,test,102.0,2.0
1080,test,95.0,2.0
1081,test,115.0,2.0
1082,test,102.0,2.0
1083,test,79.0,2.0
1084,test,140.0,3.0
1085,test,109.0,2.0
1086,test,104.0,2.0
1087,test,104.0,3.0
1088,test,90.0,1.0
1089,test,106.0,3.0
1090,test,114.0,3.0
1091,test,76.0,2.0
1092,test,122.0,3.0
1093,test,92.0,3.0
1094,test,132.0,2.0
1095,test,94.0,2.0
1096,test,73.0,1.0
1097,test,103.0,2.0
1098,test,125.0,2.0
1099,test,133.0,2.0
1100,test,125.0,3.0
1101,test,96.0,3.0
1102,test,78.0,1.0
1103,test,99.0,2.0
1104,test,83.0,2.0
1105,test,111.0,3.0
1106,test,112.0,2.0
1107,test,111.0,4.0
1108,test,142.0,3.0
1109,test,115.0,3.0
1110,test,89.0,2.0
1111,test,79.0,2.0
1112,test,92.0,1.0
1113,test,78.0,1.0
1114,test,89.0,2.0
1115,test,122.0,3.0
1116,test,115.0,2.0
1117,test,130.0,2.0
1118,test,86.0,1.0
1119,test,88.0,2.0
1120,test,104.0,3.0
1121,test,96.0,2.0
1122,test,92.0,2.0
1123,test,95.0,2.0
1124,test,142.0,3.0
1125,test,128.0,3.0
1126,test,118.0,2.0
1127,test,117.0,2.0
1128,test,90.0,2.0
1129,test,84.0,1.0
1130,test,90.0,2.0
1131,test,89.0,2.0
1132,test,82.0,2.0
1133,test,119.0,2.0
1134,test,112.0,3.0
1135,test,96.0,2.0
1136,test,96.0,2.0
1137,test,102.0,1.0
1138,test,102.0,2.0
1139,test,93.0,2.0
1140,test,105.0,3.0
1141,test,69.0,1.0
1142,test,92.0,1.0
1143,test,68.0,1.0
1144,test,117.0,3.0
1145,test,101.0,2.0
1146,test,109.0,3.0
1147,test,118.0,3.0
1148,test,105.0,3.0
1149,test,129.0,2.0
1150,test,114.0,2.0
1151,test,143.0,3.0
1152,test,100.0,2.0
1153,test,103.0,3.0
1154,test,102.0,1.0
1155,test,135.0,3.0
1156,test,92.0,2.0
1157,test,99.0,2.0
1158,test,102.0,2.0
1159,test,90.0,2.0
1160,test,79.0,2.0
1161,test,73.0,1.0
1162,test,89.0,3.0
1163,test,86.0,1.0
1164,test,87.0,2.0
1165,test,151.0,2.0
1166,test,108.0,4.0
1167,test,108.0,1.0
1168,test,97.0,3.0
1169,test,97.0,3.0
1170,test,80.0,1.0
1171,test,92.0,2.0
1172,test,49.0,1.0
1173,test,99.0,2.0
1174,test,75.0,2.0
1175,test,112.0,1.0
1176,test,124.0,3.0
1177,test,77.0,2.0
1178,test,82.0,2.0
1179,test,88.0,1.0
1180,test,141.0,3.0
1181,test,76.0,1.0
1182,test,84.0,1.0
1183,test,131.0,2.0
1184,test,116.0,2.0
1185,test,97.0,2.0
1186,test,89.0,1.0
1187,test,97.0,2.0
1188,test,100.0,2.0
1189,test,74.0,2.0
1190,test,102.0,2.0
1191,test,106.0,3.0
1192,test,84.0,2.0
1193,test,114.0,3.0
1194,test,66.0,2.0
1195,test,111.0,3.0
1196,test,86.0,2.0
1197,test,119.0,3.0
1198,test,105.0,2.0
1199,test,114.0,3.0
1200,test,85.0,3.0
1201,test,65.0,1.0
1202,test,96.0,2.0
1203,test,103.0,2.0
1204,test,82.0,2.0
1205,test,109.0,2.0
1206,test,87.0,2.0
1207,test,101.0,2.0
1208,test,90.0,2.0
1209,test,133.0,2.0
1210,test,85.0,3.0
1211,test,86.0,2.0
1212,test,91.0,3.0
1213,test,73.0,2.0
1214,test,132.0,3.0
1215,test,102.0,3.0
1216,test,90.0,2.0
1217,test,119.0,3.0
1218,test,122.0,2.0
1219,test,92.0,2.0
1220,test,106.0,2.0
1221,test,85.0,2.0
1222,test,82.0,2.0
1223,test,97.0,3.0
1224,test,91.0,2.0
1225,test,103.0,2.0
1226,test,111.0,2.0
1227,test,121.0,2.0
1228,test,106.0,2.0
1229,test,77.0,1.0
1230,test,80.0,1.0
1231,test,93.0,2.0
1232,test,143.0,3.0
1233,test,82.0,1.0
1234,test,108.0,3.0
1235,test,115.0,2.0
1236,test,60.0,2.0
1237,test,109.0,1.0
1238,test,105.0,2.0
1239,test,107.0,2.0
1240,test,114.0,2.0
1241,test,87.0,2.0
1242,test,101.0,2.0
1243,test,69.0,1.0
1244,test,44.0,1.0
1245,test,82.0,2.0
1246,test,101.0,2.0
1247,test,109.0,1.0
1248,test,86.0,2.0
1249,test,83.0,1.0
1250,test,99.0,2.0
1251,test,91.0,2.0
1252,test,89.0,2.0
1253,test,126.0,2.0
1254,test,121.0,3.0
1255,test,123.0,2.0
1256,test,86.0,2.0
1257,test,95.0,3.0
1258,test,84.0,2.0
1259,test,126.0,3.0
1260,test,79.0,2.0
1261,test,112.0,2.0
1262,test,89.0,2.0
1263,test,67.0,1.0
1264,test,82.0,2.0
1265,test,67.0,1.0
1266,test,38.0,1.0
1267,test,122.0,2.0
1268,test,127.0,2.0
1269,test,88.0,1.0
1270,test,149.0,5.0
1271,test,113.0,3.0
1272,test,98.0,2.0
1273,test,90.0,2.0
1274,test,107.0,2.0
1275,test,103.0,3.0
1276,test,67.0,2.0
1277,test,109.0,2.0
1278,test,76.0,2.0
1279,test,103.0,2.0
1280,test,124.0,2.0
1281,test,112.0,2.0
1282,test,72.0,2.0
1283,test,94.0,2.0
1284,test,70.0,1.0
1285,test,101.0,1.0
1286,test,78.0,2.0
1287,test,111.0,2.0
1288,test,125.0,3.0
1289,test,143.0,3.0
1290,test,79.0,1.0
1291,test,105.0,2.0
1292,test,116.0,2.0
1293,test,104.0,2.0
1294,test,101.0,1.0
1295,test,115.0,3.0
1296,test,91.0,3.0
1297,test,76.0,2.0
1298,test,76.0,2.0
1299,test,108.0,2.0
1300,test,52.0,1.0
1301,test,53.0,1.0
1302,test,92.0,2.0
1303,test,135.0,3.0
1304,test,102.0,3.0
1305,test,119.0,4.0
1306,test,99.0,2.0
1307,test,103.0,3.0
1308,test,54.0,1.0
1309,test,54.0,2.0
1310,test,106.0,2.0
1311,test,100.0,2.0
1312,test,88.0,2.0
1313,test,107.0,2.0
1314,test,87.0,2.0
1315,test,96.0,1.0
1316,test,127.0,3.0
1317,test,116.0,2.0
1318,test,73.0,1.0
1319,test,108.0,2.0
1320,test,89.0,2.0
1321,test,119.0,2.0
1322,test,121.0,4.0
1323,test,109.0,2.0
1324,test,115.0,3.0
1325,test,118.0,3.0
1326,test,85.0,3.0
1327,test,101.0,2.0
1328,test,93.0,2.0
1329,test,76.0,2.0
1330,test,88.0,1.0
1331,test,98.0,1.0
1332,test,61.0,1.0
1333,test,120.0,4.0
1334,test,102.0,3.0
1335,test,107.0,2.0
1336,test,107.0,2.0
1337,test,93.0,1.0
1338,test,90.0,2.0
1339,test,74.0,1.0
1340,test,72.0,2.0
1341,test,75.0,1.0
1342,test,133.0,2.0
1343,test,95.0,2.0
1344,test,105.0,1.0
1345,test,100.0,2.0
1346,test,100.0,3.0
1347,test,103.0,2.0
1348,test,52.0,1.0
1349,test,132.0,3.0
1350,test,95.0,2.0
1351,test,142.0,2.0
1352,test,102.0,2.0
1353,test,100.0,2.0
1354,test,111.0,2.0
1355,test,76.0,2.0
1356,test,132.0,2.0
1357,test,52.0,1.0
1358,test,132.0,4.0
1359,test,134.0,3.0
1360,test,113.0,2.0
1361,test,72.0,1.0
1362,test,98.0,2.0
1363,test,99.0,1.0
1364,test,140.0,2.0
1365,test,123.0,1.0
1366,test,116.0,2.0
1367,test,128.0,2.0
1368,test,91.0,2.0
1369,test,124.0,3.0
1370,test,71.0,2.0
1371,test,94.0,2.0
1372,test,79.0,3.0
1373,test,83.0,2.0
1374,test,120.0,4.0
1375,test,94.0,2.0
1376,test,124.0,1.0
1377,test,114.0,3.0
1378,test,105.0,3.0
1379,test,79.0,1.0
1380,test,84.0,2.0
1381,test,113.0,3.0
1382,test,100.0,3.0
1383,test,104.0,2.0
1384,test,90.0,1.0
1385,test,83.0,2.0
1386,test,94.0,1.0
1387,test,71.0,1.0
1388,test,102.0,2.0
1389,test,101.0,3.0
1390,test,106.0,2.0
1391,test,106.0,1.0
1392,test,116.0,3.0
1393,test,74.0,2.0
1394,test,124.0,3.0
1395,test,138.0,3.0
1396,test,58.0,1.0
1397,test,62.0,1.0
1398,test,44.0,1.0
1399,test,82.0,2.0
1400,test,92.0,2.0
1401,test,110.0,3.0
1402,test,135.0,3.0
1403,test,99.0,2.0
1404,test,123.0,3.0
1405,test,100.0,2.0
1406,test,113.0,2.0
1407,test,94.0,2.0
1408,test,124.0,3.0
1409,test,93.0,2.0
1410,test,111.0,2.0
1411,test,113.0,2.0
1412,test,96.0,2.0
1413,test,125.0,3.0
1414,test,99.0,3.0
1415,test,121.0,3.0
1416,test,112.0,3.0
1417,test,96.0,2.0
1418,test,107.0,2.0
1419,test,128.0,3.0
1420,test,57.0,1.0
1421,test,98.0,2.0
1422,test,113.0,3.0
1423,test,117.0,3.0
1424,test,132.0,2.0
1425,test,75.0,1.0
1426,test,81.0,2.0
1427,test,100.0,2.0
1428,test,100.0,3.0
1429,test,92.0,2.0
1430,test,90.0,2.0
1431,test,75.0,1.0
1432,test,92.0,2.0
1433,test,69.0,1.0
1434,test,74.0,1.0
1435,test,112.0,2.0
1436,test,108.0,3.0
1437,test,77.0,2.0
1438,test,147.0,3.0
1439,test,113.0,2.0
1440,test,96.0,2.0
1441,test,112.0,2.0
1442,test,100.0,3.0
1443,test,133.0,2.0
1444,test,138.0,2.0
1445,test,83.0,1.0
1446,test,125.0,3.0
1447,test,111.0,3.0
1448,test,94.0,1.0
1449,test,111.0,2.0
1450,test,111.0,3.0
1451,test,90.0,2.0
1452,test,111.0,3.0
1453,test,106.0,3.0
1454,test,134.0,3.0
1455,test,95.0,2.0
1456,test,100.0,1.0
1457,test,70.0,2.0
1458,test,52.0,1.0
1459,test,116.0,3.0
1460,test,109.0,3.0
1461,test,102.0,2.0
1462,test,105.0,3.0
1463,test,116.0,3.0
1464,test,136.0,3.0
1465,test,81.0,2.0
1466,test,105.0,2.0
1467,test,106.0,2.0
1468,test,94.0,1.0
1469,test,103.0,2.0
1470,test,129.0,3.0
1471,test,147.0,3.0
1472,test,104.0,3.0
1473,test,99.0,2.0
1474,test,47.0,1.0
1475,test,118.0,2.0
1476,test,114.0,1.0
1477,test,80.0,2.0
1478,test,80.0,1.0
1479,test,100.0,2.0
1480,test,140.0,3.0
1481,test,62.0,1.0
1482,test,67.0,1.0
1483,test,100.0,2.0
1484,test,89.0,3.0
1485,test,124.0,3.0
1486,test,96.0,2.0
1487,test,108.0,2.0
1488,test,91.0,2.0
1489,test,96.0,3.0
1490,test,92.0,2.0
1491,test,97.0,2.0
1492,test,109.0,2.0
1493,test,98.0,2.0
1494,test,133.0,3.0
1495,test,84.0,2.0
1496,test,86.0,2.0
1497,test,116.0,3.0
1498,test,122.0,3.0
1499,test,98.0,2.0
1500,test,100.0,3.0
1501,test,83.0,2.0
1502,test,89.0,1.0
1503,test,107.0,3.0
1504,test,115.0,2.0
1505,test,87.0,2.0
1506,test,66.0,1.0
1507,test,74.0,2.0
1508,test,102.0,3.0
1509,test,76.0,2.0
1510,test,78.0,2.0
1511,test,103.0,3.0
1512,test,87.0,2.0
1513,test,98.0,2.0
1514,test,101.0,3.0
1515,test,100.0,2.0
1516,test,103.0,3.0
1517,test,137.0,3.0
1518,test,97.0,3.0
1519,test,84.0,1.0
1520,test,77.0,2.0
1521,test,128.0,3.0
1522,test,103.0,1.0
1523,test,128.0,2.0
1524,test,109.0,3.0
1525,test,113.0,4.0
1526,test,94.0,2.0
1527,test,75.0,1.0
1528,test,111.0,2.0
1529,test,62.0,1.0
1530,test,112.0,4.0
1531,test,97.0,2.0
1532,test,86.0,2.0
1533,test,101.0,2.0
1534,test,120.0,2.0
1535,test,70.0,2.0
1536,test,66.0,2.0
1537,test,117.0,3.0
1538,test,87.0,2.0
1539,test,55.0,1.0
1540,test,104.0,2.0
1541,test,65.0,2.0
1542,test,87.0,2.0
1543,test,71.0,1.0
1544,test,91.0,2.0
1545,test,113.0,3.0
1546,test,84.0,2.0
1547,test,110.0,2.0
1548,test,87.0,1.0
1549,test,102.0,3.0
1550,test,109.0,2.0
1551,test,88.0,2.0
1552,test,100.0,1.0
1553,test,99.0,2.0
1554,test,120.0,3.0
1555,test,65.0,1.0
1556,test,120.0,2.0
1557,test,102.0,3.0
1558,test,86.0,2.0
1559,test,97.0,2.0
1560,test,134.0,3.0
1561,test,122.0,3.0
1562,test,77.0,1.0
1563,test,143.0,5.0
1564,test,118.0,2.0
1565,test,98.0,2.0
1566,test,100.0,2.0
1567,test,107.0,3.0
1568,test,94.0,2.0
1569,test,82.0,1.0
1570,test,115.0,2.0
1571,test,101.0,3.0
1572,test,66.0,1.0
1573,test,149.0,4.0
1574,test,109.0,2.0
1575,test,63.0,2.0
1576,test,107.0,2.0
1577,test,113.0,2.0
1578,test,102.0,2.0
1579,test,136.0,2.0
1580,test,87.0,2.0
1581,test,94.0,2.0
1582,test,85.0,1.0
1583,test,99.0,3.0
1584,test,99.0,3.0
1585,test,111.0,2.0
1586,test,101.0,2.0
1587,test,125.0,3.0
1588,test,77.0,2.0
1589,test,93.0,2.0
1590,test,84.0,1.0
1591,test,76.0,1.0
1592,test,84.0,2.0
1593,test,48.0,1.0
1594,test,111.0,3.0
1595,test,74.0,1.0
1596,test,98.0,1.0
1597,test,70.0,1.0
1598,test,119.0,2.0
1599,test,63.0,1.0
1600,test,130.0,3.0
1601,test,76.0,2.0
1602,test,62.0,1.0
1603,test,98.0,2.0
1604,test,112.0,4.0
1605,test,87.0,2.0
1606,test,105.0,2.0
1607,test,105.0,2.0
1608,test,124.0,2.0
1609,test,91.0,3.0
1610,test,108.0,2.0
1611,test,89.0,2.0
1612,test,90.0,2.0
1613,test,84.0,3.0
1614,test,116.0,3.0
1615,test,107.0,2.0
1616,test,89.0,2.0
1617,test,98.0,1.0
1618,test,150.0,5.0
1619,test,93.0,2.0
1620,test,98.0,3.0
1621,test,101.0,2.0
1622,test,102.0,2.0
1623,test,85.0,1.0
1624,test,80.0,2.0
1625,test,107.0,2.0
1626,test,114.0,2.0
1627,test,81.0,1.0
1628,test,87.0,1.0
1629,test,91.0,3.0
1630,test,126.0,3.0
1631,test,108.0,3.0
1632,test,97.0,2.0
1633,test,101.0,2.0
1634,test,91.0,1.0
1635,test,116.0,2.0
1636,test,104.0,2.0
1637,test,121.0,3.0
1638,test,86.0,1.0
1639,test,64.0,1.0
1640,test,73.0,1.0
1641,test,89.0,2.0
1642,test,84.0,1.0
1643,test,124.0,2.0
1644,test,99.0,2.0
1645,test,139.0,3.0
1646,test,121.0,4.0
1647,test,101.0,2.0
1648,test,134.0,3.0
1649,test,119.0,2.0
1650,test,106.0,2.0
1651,test,78.0,1.0
1652,test,76.0,1.0
1653,test,85.0,2.0
1654,test,82.0,2.0
1655,test,85.0,2.0
1656,test,141.0,3.0
1657,test,102.0,2.0
1658,test,107.0,2.0
1659,test,74.0,1.0
1660,test,109.0,2.0
1661,test,91.0,0.0
1662,test,88.0,1.0
1663,test,93.0,2.0
1664,test,101.0,2.0
1665,test,50.0,1.0
1666,test,150.0,3.0
1667,test,135.0,3.0
1668,test,96.0,1.0
1669,test,100.0,3.0
1670,test,63.0,1.0
1671,test,127.0,2.0
1672,test,81.0,2.0
1673,test,106.0,1.0
1674,test,82.0,2.0
1675,test,65.0,1.0
1676,test,98.0,2.0
1677,test,114.0,2.0
1678,test,78.0,2.0
1679,test,132.0,3.0
1680,test,109.0,2.0
1681,test,101.0,2.0
1682,test,93.0,3.0
1683,test,115.0,3.0
1684,test,107.0,2.0
1685,test,81.0,2.0
1686,test,100.0,1.0
1687,test,111.0,2.0
1688,test,86.0,2.0
1689,test,92.0,2.0
1690,test,131.0,3.0
1691,test,98.0,2.0
1692,test,100.0,1.0
1693,test,89.0,1.0
1694,test,119.0,1.0
1695,test,63.0,2.0
1696,test,85.0,2.0
1697,test,85.0,2.0
1698,test,97.0,2.0
1699,test,115.0,1.0
1700,test,89.0,2.0
1701,test,88.0,2.0
1702,test,90.0,2.0
1703,test,89.0,2.0
1704,test,148.0,3.0
1705,test,96.0,3.0
1706,test,64.0,1.0
1707,test,86.0,2.0
1708,test,75.0,2.0
1709,test,159.0,3.0
1710,test,77.0,2.0
1711,test,85.0,2.0
1712,test,89.0,2.0
1713,test,99.0,3.0
1714,test,124.0,3.0
1715,test,108.0,2.0
1716,test,102.0,3.0
1717,test,102.0,2.0
1718,test,104.0,2.0
1719,test,94.0,1.0
1720,test,103.0,3.0
1721,test,79.0,1.0
1722,test,92.0,2.0
1723,test,86.0,2.0
1724,test,130.0,3.0
1725,test,93.0,2.0
1726,test,87.0,1.0
1727,test,78.0,2.0
1728,test,97.0,1.0
1729,test,95.0,3.0
1730,test,64.0,1.0
1731,test,116.0,2.0
1732,test,81.0,2.0
1733,test,121.0,2.0
1734,test,99.0,2.0
1735,test,71.0,2.0
1736,test,112.0,3.0
1737,test,125.0,3.0
1738,test,99.0,3.0
1739,test,70.0,1.0
1740,test,115.0,2.0
1741,test,95.0,2.0
1742,test,64.0,1.0
1743,test,121.0,3.0
1744,test,75.0,2.0
1745,test,106.0,3.0
1746,test,94.0,2.0
1747,test,125.0,2.0
1748,test,84.0,1.0
1749,test,98.0,2.0
1750,test,110.0,2.0
1751,test,98.0,2.0
1752,test,88.0,2.0
1753,test,110.0,2.0
1754,test,133.0,3.0
1755,test,106.0,3.0
1756,test,94.0,2.0
1757,test,110.0,3.0
1758,test,88.0,2.0
1759,test,74.0,2.0
1760,test,112.0,3.0
1761,test,91.0,2.0
1762,test,50.0,1.0
1763,test,111.0,3.0
1764,test,84.0,2.0
1765,test,108.0,2.0
1766,test,132.0,4.0
1767,test,67.0,1.0
1768,test,77.0,1.0
1769,test,60.0,1.0
1770,test,95.0,2.0
1771,test,83.0,2.0
1772,test,112.0,2.0
1773,test,101.0,2.0
1774,test,81.0,2.0
1775,test,89.0,2.0
1776,test,81.0,1.0
1777,test,101.0,2.0
1778,test,66.0,1.0
1779,test,118.0,4.0
1780,test,112.0,3.0
1781,test,110.0,1.0
1782,test,85.0,2.0
1783,test,93.0,2.0
1784,test,99.0,2.0
1785,test,112.0,3.0
1786,test,113.0,3.0
1787,test,115.0,3.0
1788,test,111.0,4.0
1789,test,128.0,2.0
1790,test,121.0,2.0
1791,test,101.0,2.0
1792,test,47.0,1.0
1793,test,102.0,2.0
1794,test,144.0,4.0
1795,test,121.0,2.0
1796,test,68.0,2.0
1797,test,88.0,3.0
1798,test,96.0,2.0
1799,test,99.0,2.0
1800,test,60.0,1.0
1801,test,72.0,2.0
1802,test,105.0,2.0
1803,test,84.0,1.0
1804,test,78.0,2.0
1805,test,83.0,2.0
1806,test,135.0,3.0
1807,test,108.0,2.0
1808,test,120.0,4.0
1809,test,103.0,3.0
1810,test,123.0,3.0
1811,test,82.0,2.0
1812,test,110.0,2.0
1813,test,146.0,3.0
1814,test,70.0,2.0
1815,test,89.0,2.0
1816,test,115.0,3.0
1817,test,94.0,2.0
1818,test,114.0,2.0
1819,test,80.0,2.0
1820,test,118.0,2.0
1821,test,103.0,2.0
1822,test,124.0,2.0
1823,test,103.0,2.0
1824,test,93.0,2.0
1825,test,124.0,2.0
1826,test,138.0,2.0
1827,test,117.0,3.0
1828,test,123.0,1.0
1829,test,93.0,3.0
1830,test,85.0,2.0
1831,test,112.0,3.0
1832,test,103.0,2.0
1833,test,91.0,2.0
1834,test,86.0,1.0
1835,test,119.0,2.0
1836,test,111.0,2.0
1837,test,97.0,2.0
1838,test,97.0,2.0
1839,test,116.0,2.0
1840,test,92.0,2.0
1841,test,87.0,2.0
1842,test,114.0,2.0
1843,test,110.0,2.0
1844,test,89.0,2.0
1845,test,84.0,2.0
1846,test,86.0,2.0
1847,test,85.0,2.0
1848,test,142.0,4.0
1849,test,83.0,1.0
1850,test,122.0,3.0
1851,test,97.0,2.0
1852,test,97.0,2.0
1853,test,113.0,1.0
1854,test,95.0,3.0
1855,test,116.0,3.0
1856,test,113.0,3.0
1857,test,75.0,1.0
1858,test,104.0,3.0
1859,test,91.0,2.0
1860,test,90.0,1.0
1861,test,126.0,2.0
1862,test,123.0,2.0
1863,test,99.0,2.0
1864,test,108.0,3.0
1865,test,133.0,3.0
1866,test,100.0,2.0
1867,test,101.0,2.0
1868,test,88.0,2.0
1869,test,114.0,2.0
1870,test,93.0,2.0
1871,test,141.0,2.0
1872,test,109.0,3.0
1873,test,117.0,3.0
1874,test,124.0,3.0
1875,test,129.0,2.0
1876,test,76.0,1.0
1877,test,94.0,2.0
1878,test,96.0,2.0
1879,test,86.0,2.0
1880,test,96.0,2.0
1881,test,108.0,2.0
1882,test,98.0,2.0
1883,test,107.0,2.0
1884,test,153.0,4.0
1885,test,120.0,4.0
1886,test,103.0,3.0
1887,test,94.0,2.0
1888,test,104.0,2.0
1889,test,94.0,2.0
1890,test,101.0,2.0
1891,test,118.0,2.0
1892,test,74.0,2.0
1893,test,104.0,3.0
1894,test,141.0,3.0
1895,test,116.0,2.0
1896,test,83.0,2.0
1897,test,132.0,3.0
1898,test,107.0,3.0
1899,test,127.0,2.0
1900,test,62.0,1.0
1901,test,120.0,3.0
1902,test,96.0,2.0
1903,test,89.0,2.0
1904,test,100.0,2.0
1905,test,106.0,2.0
1906,test,125.0,2.0
1907,test,103.0,2.0
1908,test,114.0,2.0
1909,test,78.0,1.0
1910,test,91.0,2.0
1911,test,135.0,3.0
1912,test,92.0,3.0
1913,test,131.0,3.0
1914,test,53.0,1.0
1915,test,83.0,2.0
1916,test,87.0,2.0
1917,test,110.0,2.0
1918,test,125.0,3.0
1919,test,114.0,2.0
1920,test,91.0,2.0
1921,test,84.0,2.0
1922,test,116.0,1.0
1923,test,88.0,2.0
1924,test,118.0,4.0
1925,test,97.0,2.0
1926,test,128.0,3.0
1927,test,124.0,2.0
1928,test,86.0,1.0
1929,test,150.0,2.0
1930,test,100.0,2.0
1931,test,99.0,2.0
1932,test,103.0,3.0
1933,test,92.0,2.0
1934,test,105.0,2.0
1935,test,100.0,2.0
1936,test,112.0,2.0
1937,test,85.0,3.0
1938,test,68.0,1.0
1939,test,102.0,2.0
1940,test,115.0,2.0
1941,test,121.0,2.0
1942,test,94.0,2.0
1943,test,98.0,2.0
1944,test,95.0,2.0
1945,test,107.0,2.0
1946,test,102.0,3.0
1947,test,79.0,2.0
1948,test,63.0,1.0
1949,test,108.0,2.0
1950,test,99.0,2.0
1951,test,103.0,2.0
1952,test,102.0,2.0
1953,test,119.0,2.0
1954,test,96.0,2.0
1955,test,74.0,2.0
1956,test,110.0,2.0
1957,test,106.0,3.0
1958,test,134.0,4.0
1959,test,112.0,1.0
1960,test,92.0,1.0
1961,test,108.0,2.0
1962,test,82.0,1.0
1963,test,123.0,2.0
1964,test,76.0,2.0
1965,test,93.0,2.0
1966,test,111.0,2.0
1967,test,81.0,1.0
1968,test,115.0,3.0
1969,test,125.0,2.0
1970,test,91.0,2.0
1971,test,95.0,2.0
1972,test,86.0,2.0
1973,test,96.0,1.0
1974,test,107.0,2.0
1975,test,83.0,2.0
1976,test,77.0,1.0
1977,test,90.0,2.0
1978,test,98.0,1.0
1979,test,133.0,3.0
1980,test,103.0,2.0
1981,test,130.0,2.0
1982,test,111.0,2.0
1983,test,89.0,3.0
1984,test,105.0,3.0
1985,test,87.0,2.0
1986,test,114.0,2.0
1987,test,114.0,2.0
1988,test,113.0,2.0
1989,test,108.0,2.0
1990,test,105.0,2.0
1991,test,85.0,1.0
1992,test,134.0,3.0
1993,test,96.0,2.0
1994,test,110.0,2.0
1995,test,104.0,2.0
1996,test,81.0,1.0
1997,test,118.0,3.0
1998,test,149.0,4.0
1999,test,86.0,2.0
